4,0,0,0,0,0,0,0,0,0,0,0,0,0,0,0,0,0,0,0,0,0,0,0,0,0,0,0,0,0,0,0,0,0,0,0,0,0,0,0,0,0,0,0,0,0,0,0,0,0,0,0,0,0,0,0,0,0,0,0,0,0,0,0,0,0,0,0,0,0,0,0,0,0,0,0,0,0,0,0,0,0,0,0,0,0,0,0,0,0,0,0,0,0,0,0,0,0,0,0,0,0,0,0,0,0,0,0,0,0,0,0,0,0,0,0,0,0,0,0,0,0,7,37,37,18,0,0,0,0,0,0,0,0,0,0,0,0,0,0,0,0,0,0,0,0,0,0,0,22,95,215,217,122,12,0,0,0,0,0,0,0,0,0,0,0,0,0,0,0,0,0,0,0,2,11,91,232,251,254,254,247,190,4,0,0,0,0,0,0,0,0,0,0,0,0,0,0,0,2,21,39,82,141,221,254,254,254,254,254,222,9,0,0,0,0,0,0,0,0,0,0,0,0,0,0,0,65,170,217,233,250,254,254,251,227,249,254,245,34,0,0,0,0,0,0,0,0,0,0,0,0,0,0,0,76,206,251,254,254,246,202,95,46,217,255,253,102,3,0,0,0,0,0,0,0,0,0,0,0,0,0,0,7,46,170,215,203,127,34,7,33,205,254,253,95,3,0,0,0,0,0,0,2,4,4,0,0,0,0,0,0,0,2,4,4,0,0,0,17,162,254,254,115,4,0,0,0,0,9,46,170,215,203,121,2,0,0,0,0,0,0,0,0,0,0,0,21,173,254,252,82,2,0,0,1,33,139,208,251,254,253,213,4,0,0,0,0,0,0,0,0,0,0,0,39,217,254,233,22,0,4,34,139,221,254,254,254,254,250,201,4,0,0,0,0,0,0,0,0,0,0,0,82,233,254,211,41,39,115,177,250,254,255,254,247,220,139,77,0,0,0,0,0,0,0,0,0,0,0,1,129,246,254,242,249,250,254,254,254,251,222,215,91,11,0,0,0,0,0,0,0,0,0,0,0,4,5,36,189,242,254,254,254,254,254,250,232,171,51,37,7,0,0,0,0,0,0,0,0,0,8,34,127,203,217,234,254,254,254,254,250,245,159,52,21,3,0,0,0,0,0,0,0,0,0,0,0,8,126,204,246,254,254,254,254,254,246,208,129,114,22,1,0,0,0,0,0,0,0,0,0,0,0,0,10,127,253,254,254,254,245,220,140,125,46,8,0,0,0,0,0,0,0,0,0,0,0,0,0,0,0,0,91,221,254,254,234,204,115,50,9,4,0,0,0,0,0,0,0,0,0,0,0,0,0,0,0,0,0,3,200,253,251,232,95,34,4,0,0,0,0,0,0,0,0,0,0,0,0,0,0,0,0,0,0,0,0,0,90,200,95,22,0,0,0,0,0,0,0,0,0,0,0,0,0,0,0,0,0,0,0,0,0,0,0,0,7,32,7,0,0,0,0,0,0,0,0,0,0,0,0,0,0,0,0,0,0,0,0,0,0,0,0,0,0,0,0,0,0,0,0,0,0,0,0,0,0,0,0,0,0,0,0,0,0,0,0,0,0,0,0,0,0,0,0,0,0,0,0,0,0,0,0,0,0,0,0,0,0,0,0,0,0,0,0,0,0,0,0,0,0,0,0,0,0,0,0,0,0,0,0,0,0,0,0,0,0,0,0,0,0,0,0,0,0,0,0,0,0,0,0,0,0,0,0,0,0,0,0,0,0,0,0,0,0,0,0,0,0,0,0,0,0,0
1,0,0,0,0,0,0,0,0,0,0,0,0,0,0,0,0,0,0,0,0,0,0,0,0,0,0,0,0,0,0,0,0,0,0,0,0,0,0,0,0,0,0,0,0,0,0,0,0,0,0,0,0,0,0,0,0,0,0,0,0,0,0,0,0,0,0,0,0,0,0,0,0,0,0,0,0,0,0,0,0,0,0,0,0,0,0,0,0,0,0,0,0,0,0,0,0,0,0,0,0,0,0,0,0,0,0,0,0,0,0,0,0,0,0,0,0,0,0,0,0,0,0,0,0,0,0,0,0,0,0,0,0,0,0,0,0,0,0,0,0,0,0,0,0,0,0,0,0,0,0,0,0,0,0,0,0,0,0,0,0,0,0,0,0,0,0,0,0,0,0,0,0,0,0,0,0,0,0,0,0,0,0,0,0,0,0,0,0,0,0,0,0,0,0,0,0,0,0,0,0,0,0,0,0,0,0,0,0,0,0,0,0,0,0,0,0,0,0,0,0,0,0,0,0,0,0,0,0,0,0,0,0,0,0,0,0,0,0,0,0,0,0,0,0,0,0,0,0,0,0,0,0,0,0,0,0,0,0,0,0,0,0,0,0,0,0,0,0,0,0,0,0,0,0,0,0,0,0,0,0,0,0,0,0,0,0,0,0,0,0,0,0,0,0,0,0,2,4,4,5,9,28,20,3,0,0,0,0,0,0,0,0,0,0,2,4,4,4,4,4,4,4,4,9,21,37,38,40,51,102,81,22,7,0,0,0,0,0,0,1,7,46,83,127,129,129,129,129,129,129,129,143,175,219,220,221,225,244,234,156,78,2,0,0,0,0,0,8,34,128,173,219,220,220,220,220,220,220,220,225,237,253,253,250,250,252,250,200,112,4,0,0,0,0,1,65,147,247,255,254,254,254,254,254,254,253,249,225,221,219,207,143,131,129,129,110,64,2,0,0,0,0,1,69,157,249,249,225,221,220,220,220,220,219,207,143,131,127,116,51,40,38,38,32,19,0,0,0,0,0,0,20,66,125,115,51,40,38,38,38,38,37,33,9,5,4,4,0,0,0,0,0,0,0,0,0,0,0,0,5,19,37,33,9,5,4,4,4,4,4,4,0,0,0,0,0,0,0,0,0,0,0,0,0,0,0,0,0,0,0,0,0,0,0,0,0,0,0,0,0,0,0,0,0,0,0,0,0,0,0,0,0,0,0,0,0,0,0,0,0,0,0,0,0,0,0,0,0,0,0,0,0,0,0,0,0,0,0,0,0,0,0,0,0,0,0,0,0,0,0,0,0,0,0,0,0,0,0,0,0,0,0,0,0,0,0,0,0,0,0,0,0,0,0,0,0,0,0,0,0,0,0,0,0,0,0,0,0,0,0,0,0,0,0,0,0,0,0,0,0,0,0,0,0,0,0,0,0,0,0,0,0,0,0,0,0,0,0,0,0,0,0,0,0,0,0,0,0,0,0,0,0,0,0,0,0,0,0,0,0,0,0,0,0,0,0,0,0,0,0,0,0,0,0,0,0,0,0,0,0,0,0,0,0,0,0,0,0,0,0,0,0,0,0,0,0,0,0,0,0,0,0,0,0,0,0,0,0,0,0,0,0,0,0,0,0,0,0,0,0,0,0,0,0,0,0,0,0,0,0,0,0,0,0,0,0,0,0,0,0,0,0,0,0,0,0,0,0,0,0,0,0,0,0,0,0,0,0,0,0,0,0,0,0,0,0,0,0,0,0,0,0,0,0,0,0,0,0,0,0,0,0,0,0
4,0,0,0,0,0,0,0,0,0,0,0,0,0,0,0,0,0,0,0,0,0,0,0,0,0,0,0,0,0,0,0,0,0,0,0,0,0,0,0,0,0,0,0,0,0,0,0,0,0,0,0,0,0,0,0,0,0,0,0,0,0,0,0,0,0,0,0,0,0,0,0,0,0,0,0,0,0,0,0,0,0,0,0,0,0,0,0,0,0,0,0,0,0,0,0,0,0,0,0,0,0,0,0,0,0,0,0,0,0,0,0,0,0,0,0,0,0,0,0,0,0,0,0,0,0,0,0,0,0,0,0,0,0,0,0,0,0,0,0,0,0,0,0,0,0,0,0,0,0,0,0,0,0,0,0,0,0,0,0,0,0,0,0,0,0,0,0,0,0,0,0,0,0,0,0,0,0,0,7,81,124,32,0,0,0,0,0,0,0,0,0,0,0,0,0,0,0,0,0,0,0,0,0,0,34,113,177,251,254,170,2,0,0,0,0,0,0,0,0,0,0,0,0,0,0,0,2,20,10,21,37,51,175,243,252,254,254,213,4,0,0,0,0,0,0,0,0,0,0,0,0,0,0,19,151,233,222,233,250,250,254,254,255,255,254,127,0,0,0,0,0,0,0,0,0,0,0,0,0,0,0,7,78,208,251,254,254,246,236,254,255,254,245,34,0,0,0,0,0,0,0,0,0,0,0,0,0,0,0,0,3,46,170,215,215,127,134,246,255,254,222,9,0,0,0,0,0,0,0,0,0,0,0,0,0,0,0,0,0,0,2,4,4,0,38,216,254,254,217,4,0,0,0,0,0,0,0,0,0,0,0,0,0,0,0,0,0,0,0,0,0,0,9,139,254,254,217,9,4,4,4,4,4,4,0,0,0,0,0,0,0,0,0,0,0,0,0,0,0,0,2,82,251,254,236,129,127,127,127,127,127,125,51,32,5,2,0,0,0,0,0,0,0,0,0,0,0,0,3,30,227,254,254,254,254,254,254,254,254,254,250,245,216,172,77,1,0,0,0,0,0,0,0,0,3,77,172,232,254,254,254,252,249,222,215,140,127,127,129,203,217,222,244,122,18,0,0,0,0,0,1,20,84,220,252,254,254,251,233,172,125,51,37,9,4,4,5,32,37,52,202,193,32,0,0,0,0,5,95,218,252,254,253,234,172,82,22,2,0,0,0,0,0,0,0,0,0,0,4,15,1,0,0,0,18,100,250,254,254,232,126,34,2,0,0,0,0,0,0,0,0,0,0,0,0,0,0,0,0,0,0,3,106,233,254,254,232,95,8,0,0,0,0,0,0,0,0,0,0,0,0,0,0,0,0,0,0,0,0,0,20,114,172,189,24,0,0,0,0,0,0,0,0,0,0,0,0,0,0,0,0,0,0,0,0,0,0,0,0,0,2,3,0,0,0,0,0,0,0,0,0,0,0,0,0,0,0,0,0,0,0,0,0,0,0,0,0,0,0,0,0,0,0,0,0,0,0,0,0,0,0,0,0,0,0,0,0,0,0,0,0,0,0,0,0,0,0,0,0,0,0,0,0,0,0,0,0,0,0,0,0,0,0,0,0,0,0,0,0,0,0,0,0,0,0,0,0,0,0,0,0,0,0,0,0,0,0,0,0,0,0,0,0,0,0,0,0,0,0,0,0,0,0,0,0,0,0,0,0,0,0,0,0,0,0,0,0,0,0,0,0,0,0,0,0,0,0,0,0,0,0,0,0,0,0,0,0,0,0,0,0,0,0,0,0,0,0,0,0,0,0,0,0,0
1,0,0,0,0,0,0,0,0,0,0,0,0,0,0,0,0,0,0,0,0,0,0,0,0,0,0,0,0,0,0,0,0,0,0,0,0,0,0,0,0,0,0,0,0,0,0,0,0,0,0,0,0,0,0,0,0,0,0,0,0,0,0,0,0,0,0,0,0,0,0,0,0,0,0,0,0,0,0,0,0,0,0,0,0,0,0,0,0,0,0,0,0,0,0,0,0,0,0,0,0,0,0,0,0,0,0,0,0,0,0,0,0,0,0,0,0,0,0,0,0,0,0,0,0,0,0,0,0,0,0,0,0,0,0,0,0,0,0,0,0,0,0,0,0,0,0,0,0,0,0,0,0,0,0,0,0,0,0,0,0,0,0,0,0,0,0,0,0,0,0,0,0,0,0,0,0,0,0,0,0,0,0,0,0,0,0,0,0,0,0,0,0,0,0,0,0,0,0,0,0,0,0,0,0,0,0,0,0,0,0,0,0,0,0,0,0,0,0,0,0,0,0,0,0,0,0,0,0,0,0,0,0,0,0,0,0,0,0,0,0,0,0,0,0,0,0,0,0,0,0,0,0,0,0,0,0,0,0,0,0,0,0,0,0,0,0,0,0,0,8,32,37,37,37,37,32,7,0,0,0,0,0,0,0,0,0,0,0,0,0,0,0,2,4,4,9,46,127,204,217,217,217,217,202,90,7,0,0,0,0,0,0,0,0,0,0,0,0,0,9,77,125,127,140,209,246,254,254,254,251,250,251,202,32,0,0,0,0,0,0,0,0,0,0,4,21,38,96,219,249,250,251,254,253,234,218,204,140,129,177,210,37,0,0,0,0,0,4,5,21,37,51,116,172,216,234,253,254,251,249,233,203,96,39,32,9,5,51,169,32,0,0,0,0,32,113,129,172,215,222,245,252,254,254,247,209,140,126,82,34,7,0,0,0,0,17,58,7,0,0,0,4,113,241,250,252,254,255,254,247,222,215,159,47,9,4,2,0,0,0,0,0,0,0,1,0,0,0,0,4,113,241,252,252,250,234,216,159,52,37,20,1,0,0,0,0,0,0,0,0,0,0,0,0,0,0,0,0,32,115,170,170,127,82,38,20,1,0,0,0,0,0,0,0,0,0,0,0,0,0,0,0,0,0,0,0,0,4,20,20,5,2,0,0,0,0,0,0,0,0,0,0,0,0,0,0,0,0,0,0,0,0,0,0,0,0,0,0,0,0,0,0,0,0,0,0,0,0,0,0,0,0,0,0,0,0,0,0,0,0,0,0,0,0,0,0,0,0,0,0,0,0,0,0,0,0,0,0,0,0,0,0,0,0,0,0,0,0,0,0,0,0,0,0,0,0,0,0,0,0,0,0,0,0,0,0,0,0,0,0,0,0,0,0,0,0,0,0,0,0,0,0,0,0,0,0,0,0,0,0,0,0,0,0,0,0,0,0,0,0,0,0,0,0,0,0,0,0,0,0,0,0,0,0,0,0,0,0,0,0,0,0,0,0,0,0,0,0,0,0,0,0,0,0,0,0,0,0,0,0,0,0,0,0,0,0,0,0,0,0,0,0,0,0,0,0,0,0,0,0,0,0,0,0,0,0,0,0,0,0,0,0,0,0,0,0,0,0,0,0,0,0,0,0,0,0,0,0,0,0,0,0,0,0,0,0,0,0,0,0,0,0,0,0,0,0,0,0,0,0,0,0,0,0,0,0,0,0,0,0,0,0,0,0,0,0,0,0,0,0,0,0,0,0,0,0,0,0,0,0,0,0,0,0
6,0,0,0,0,0,0,0,0,0,0,0,0,0,0,0,0,0,0,0,0,0,0,0,0,0,0,0,0,0,0,0,0,0,0,0,0,0,0,0,0,0,0,0,0,0,0,0,0,0,0,0,0,0,0,0,0,0,0,0,0,0,0,0,0,0,0,0,0,0,0,0,0,0,0,0,0,0,0,0,0,0,0,0,0,0,0,0,0,0,0,0,0,0,0,0,0,0,0,0,0,0,0,0,0,0,0,0,0,0,0,0,0,0,0,0,0,0,0,0,0,0,0,0,0,0,0,0,0,0,0,0,0,0,0,0,0,0,0,0,0,0,0,0,0,0,0,0,0,0,0,0,0,0,0,0,2,4,4,4,4,4,4,2,0,0,0,0,0,0,0,0,0,0,0,0,0,0,0,0,0,0,3,22,82,114,127,127,127,127,125,65,3,0,0,0,0,0,0,0,0,0,0,0,0,0,0,0,2,4,22,83,170,203,217,217,217,217,213,122,12,3,0,0,0,0,0,0,0,0,0,0,0,0,0,8,77,115,172,232,251,253,254,254,254,254,253,222,122,65,2,0,0,0,0,0,0,0,0,0,7,20,38,96,218,243,252,251,233,222,222,249,247,234,223,248,218,138,9,0,0,0,0,0,0,0,3,22,95,159,216,234,252,251,232,171,84,51,71,220,176,101,67,211,244,204,32,0,0,0,0,0,0,1,22,83,175,220,249,250,245,232,171,83,22,10,55,213,128,48,30,184,247,215,37,0,0,0,0,0,4,23,154,232,251,253,244,177,115,82,22,3,1,8,127,213,51,9,21,174,247,217,37,0,0,0,0,7,79,131,234,253,232,208,126,34,4,2,0,0,4,32,203,214,37,4,33,205,244,203,32,0,0,0,0,20,154,207,248,244,175,128,46,7,0,0,0,0,5,38,215,203,32,4,38,216,231,170,21,0,0,0,0,36,212,246,222,127,34,10,0,0,0,0,0,0,22,84,229,140,10,8,95,231,172,84,3,0,0,0,0,18,121,166,120,12,0,0,0,0,0,0,0,2,82,170,247,130,29,60,207,230,111,33,0,0,0,0,0,5,45,79,63,3,0,0,0,0,0,0,0,4,115,204,250,148,88,132,232,188,66,19,0,0,0,0,0,0,0,2,2,0,0,0,0,0,0,0,0,21,172,233,254,236,234,246,243,115,6,0,0,0,0,0,0,0,0,0,0,0,0,0,0,0,0,0,0,32,202,244,255,254,250,243,163,33,0,0,0,0,0,0,0,0,0,0,0,0,0,0,0,0,0,0,0,8,126,206,248,220,139,115,33,1,0,0,0,0,0,0,0,0,0,0,0,0,0,0,0,0,0,0,0,3,78,154,213,159,52,34,7,0,0,0,0,0,0,0,0,0,0,0,0,0,0,0,0,0,0,0,0,0,7,20,36,20,1,0,0,0,0,0,0,0,0,0,0,0,0,0,0,0,0,0,0,0,0,0,0,0,0,0,0,0,0,0,0,0,0,0,0,0,0,0,0,0,0,0,0,0,0,0,0,0,0,0,0,0,0,0,0,0,0,0,0,0,0,0,0,0,0,0,0,0,0,0,0,0,0,0,0,0,0,0,0,0,0,0,0,0,0,0,0,0,0,0,0,0,0,0,0,0,0,0,0,0,0,0,0,0,0,0,0,0,0,0,0,0,0,0,0,0,0,0,0,0,0,0,0,0,0,0,0,0,0,0,0,0,0,0,0,0,0,0,0,0,0,0,0,0,0,0,0,0,0
7,0,0,0,0,0,0,0,0,0,0,0,0,0,0,0,0,0,0,0,0,0,0,0,0,0,0,0,0,0,0,0,0,0,0,0,0,0,0,0,0,0,0,0,0,0,0,0,0,0,0,0,0,0,0,0,0,0,0,0,0,0,0,0,0,0,0,0,0,0,0,0,0,0,0,0,0,0,0,0,0,0,0,0,0,0,0,0,0,0,0,0,0,0,0,0,0,0,0,0,0,0,0,0,0,0,0,0,0,0,0,0,0,0,0,0,0,0,0,0,0,0,0,0,0,0,0,0,0,0,0,0,0,0,0,0,0,0,0,0,0,0,0,0,0,0,0,0,0,0,0,0,0,0,0,0,0,0,0,0,0,0,0,0,0,0,0,0,0,0,0,0,0,0,0,0,0,0,0,1,0,0,0,0,0,0,0,0,0,0,0,0,0,0,0,0,0,0,0,0,0,0,0,4,9,37,39,69,20,0,0,0,0,0,0,0,0,0,0,0,0,0,0,0,0,0,0,0,2,5,22,114,140,215,218,228,107,3,0,0,0,0,0,0,0,0,0,0,0,0,0,0,0,0,0,8,158,216,234,249,234,172,129,126,32,0,0,0,0,0,0,0,0,0,0,0,0,0,0,0,0,0,2,77,246,254,234,139,82,21,5,4,0,0,0,0,0,0,0,0,0,0,0,0,0,0,0,0,0,0,3,112,253,252,159,10,2,0,0,0,0,0,0,0,0,0,0,0,0,0,0,0,0,0,0,0,0,0,0,10,209,254,220,9,0,0,0,0,0,0,0,0,0,0,0,0,0,0,0,22,82,125,63,2,0,0,0,0,127,246,245,32,0,0,0,0,0,0,0,0,0,0,0,0,0,4,11,159,232,249,123,4,0,0,0,0,51,222,251,50,0,0,0,0,0,0,0,0,0,0,0,3,22,114,141,246,255,246,77,2,0,0,0,0,32,202,252,104,4,0,0,0,0,0,0,0,0,19,39,84,171,245,251,249,221,158,8,0,0,0,0,0,3,97,238,191,31,0,0,0,0,2,9,38,85,187,250,252,254,253,253,159,24,2,0,0,0,0,0,0,4,126,250,186,28,4,9,32,39,82,139,216,234,250,245,222,204,185,205,35,1,0,0,0,0,0,0,0,4,114,245,213,110,127,141,204,218,234,250,254,244,177,114,51,33,53,43,1,0,0,0,0,0,0,0,0,2,82,234,254,253,252,250,234,227,173,129,114,46,7,0,0,0,0,0,0,0,0,0,0,0,0,0,0,2,75,201,217,217,172,127,84,68,22,5,4,0,0,0,0,0,0,0,0,0,0,0,0,0,0,0,0,0,7,32,37,37,21,5,2,1,0,0,0,0,0,0,0,0,0,0,0,0,0,0,0,0,0,0,0,0,0,0,0,0,0,0,0,0,0,0,0,0,0,0,0,0,0,0,0,0,0,0,0,0,0,0,0,0,0,0,0,0,0,0,0,0,0,0,0,0,0,0,0,0,0,0,0,0,0,0,0,0,0,0,0,0,0,0,0,0,0,0,0,0,0,0,0,0,0,0,0,0,0,0,0,0,0,0,0,0,0,0,0,0,0,0,0,0,0,0,0,0,0,0,0,0,0,0,0,0,0,0,0,0,0,0,0,0,0,0,0,0,0,0,0,0,0,0,0,0,0,0,0,0,0,0,0,0,0,0,0,0,0,0,0,0,0,0,0,0,0,0,0,0,0,0,0,0,0,0,0,0,0,0,0,0,0,0,0,0,0,0,0,0
6,0,0,0,0,0,0,0,0,0,0,0,0,0,0,0,0,0,0,0,0,0,0,0,0,0,0,0,0,0,0,0,0,0,0,0,0,0,0,0,0,0,0,0,0,0,0,0,0,0,0,0,0,0,0,0,0,0,0,0,0,0,0,0,0,0,0,0,0,0,0,0,0,0,0,3,20,20,3,0,0,0,0,0,0,0,0,0,0,0,0,0,0,0,0,0,0,0,0,0,4,21,34,84,169,169,78,32,0,0,0,0,0,0,0,0,0,0,0,0,0,0,0,0,0,2,9,46,115,172,204,233,251,251,206,126,8,0,0,0,0,0,0,0,0,0,0,0,0,0,0,1,8,77,139,208,245,252,253,253,252,254,246,208,46,0,0,0,0,0,0,0,0,0,0,0,0,0,1,35,91,218,250,253,250,245,232,184,174,224,253,246,127,8,0,0,0,0,0,0,0,0,0,0,0,0,9,91,163,245,254,247,222,204,170,95,86,177,251,251,170,21,0,0,0,0,0,0,0,0,0,0,0,10,91,219,244,234,216,159,52,32,21,3,4,84,233,252,215,37,0,0,0,0,0,0,0,0,0,0,32,127,221,248,231,100,38,20,1,0,0,0,3,54,222,250,217,37,0,0,0,0,0,0,0,0,7,23,131,242,251,187,127,20,0,0,0,0,1,22,83,176,247,254,217,37,0,0,0,0,0,0,0,9,90,159,234,251,218,79,23,0,0,0,0,10,36,159,232,251,254,254,217,39,0,0,0,0,0,0,7,90,219,245,251,187,79,8,1,0,0,0,20,123,175,245,237,238,254,254,233,82,2,0,0,0,0,0,32,202,253,253,219,79,4,0,0,0,0,20,100,231,249,232,148,194,253,254,249,124,4,0,0,0,0,0,37,215,253,247,164,33,0,0,0,0,3,67,175,247,251,187,102,209,254,255,245,114,4,0,0,0,0,0,32,201,229,195,47,1,0,0,0,0,34,175,250,245,218,82,87,233,254,254,208,46,0,0,0,0,0,0,7,75,80,45,5,0,0,0,0,8,126,244,252,177,96,13,126,249,254,246,127,8,0,0,0,0,0,0,0,2,2,0,0,0,0,0,0,32,203,254,245,115,34,9,140,251,251,222,51,0,0,0,0,0,0,0,0,0,0,0,0,0,0,0,0,37,217,254,222,51,10,46,208,254,243,202,32,0,0,0,0,0,0,0,0,0,0,0,0,0,0,0,0,32,204,253,217,40,14,127,246,247,164,91,7,0,0,0,0,0,0,0,0,0,0,0,0,0,0,0,0,9,140,250,234,104,80,209,253,220,52,11,0,0,0,0,0,0,0,0,0,0,0,0,0,0,0,0,0,5,127,249,247,180,159,234,253,202,34,4,0,0,0,0,0,0,0,0,0,0,0,0,0,0,0,0,0,2,77,218,253,252,251,253,221,91,7,0,0,0,0,0,0,0,0,0,0,0,0,0,0,0,0,0,0,0,8,91,218,251,253,232,123,10,0,0,0,0,0,0,0,0,0,0,0,0,0,0,0,0,0,0,0,0,0,8,79,170,200,126,22,0,0,0,0,0,0,0,0,0,0,0,0,0,0,0,0,0,0,0,0,0,0,0,3,21,32,18,0,0,0,0,0,0,0,0,0,0,0,0,0,0,0,0,0,0,0,0,0,0,0,0,0,0,0,0,0,0,0,0,0,0,0,0,0,0,0,0,0,0,0,0,0,0,0,0,0,0,0,0,0,0,0,0,0,0,0,0,0,0,0,0,0
8,0,0,0,0,0,0,0,0,0,0,0,0,0,0,0,0,0,0,0,0,0,0,0,0,0,0,0,0,0,0,0,0,0,0,0,0,0,0,0,0,0,0,0,0,0,0,0,0,0,0,0,0,0,0,0,0,0,0,0,0,0,0,0,0,0,0,0,0,0,0,0,0,0,0,0,0,0,0,0,0,0,0,0,0,0,0,0,0,0,0,0,0,0,0,0,0,0,0,0,0,0,0,0,0,0,0,0,0,0,0,0,0,0,0,0,0,0,0,0,0,0,0,0,0,0,0,0,0,0,0,0,0,0,0,0,0,0,0,0,0,0,0,0,0,0,0,0,0,0,0,0,0,0,0,0,0,0,0,0,0,0,0,0,0,0,0,0,0,0,0,0,0,0,0,0,0,0,0,2,4,4,0,0,0,0,0,0,0,0,0,0,0,0,0,0,0,0,0,0,0,0,0,0,1,20,38,82,125,114,50,19,0,0,0,0,0,2,4,2,0,0,0,0,0,0,0,0,0,0,0,0,22,154,214,213,229,240,216,122,10,0,2,9,34,82,124,82,22,2,0,0,0,0,0,0,0,0,0,3,83,231,220,98,84,128,188,218,91,17,77,139,204,233,249,232,170,67,2,0,0,0,0,0,0,0,0,34,175,243,128,10,2,6,85,232,221,155,220,250,253,252,252,254,250,170,21,0,0,0,0,0,0,0,8,126,243,208,46,0,0,3,54,222,254,251,253,250,232,174,179,247,254,215,37,0,0,0,0,0,0,0,34,204,250,140,9,0,8,79,176,247,255,254,222,140,82,23,55,222,254,215,37,0,0,0,0,0,0,7,95,234,245,114,5,22,95,218,251,254,254,251,160,50,35,28,100,234,251,170,21,0,0,0,0,0,0,22,159,247,232,82,11,79,175,245,254,252,252,252,192,130,116,97,176,247,245,127,8,0,0,0,0,0,3,83,232,247,160,32,91,218,251,235,216,174,179,245,252,250,246,238,251,249,195,45,0,0,0,0,0,0,22,171,251,222,85,129,221,252,242,132,40,21,36,163,243,250,250,250,245,195,58,5,0,0,0,0,0,2,82,232,251,190,177,244,252,221,127,32,0,0,1,33,113,127,127,127,114,45,5,0,0,0,0,0,0,9,139,249,220,99,154,215,202,91,10,0,0,0,0,0,4,4,4,4,4,0,0,0,0,0,0,0,0,32,200,242,127,11,20,37,32,7,0,0,0,0,0,0,0,0,0,0,0,0,0,0,0,0,0,0,0,18,120,145,33,0,0,0,0,0,0,0,0,0,0,0,0,0,0,0,0,0,0,0,0,0,0,0,0,0,8,15,1,0,0,0,0,0,0,0,0,0,0,0,0,0,0,0,0,0,0,0,0,0,0,0,0,0,0,0,0,0,0,0,0,0,0,0,0,0,0,0,0,0,0,0,0,0,0,0,0,0,0,0,0,0,0,0,0,0,0,0,0,0,0,0,0,0,0,0,0,0,0,0,0,0,0,0,0,0,0,0,0,0,0,0,0,0,0,0,0,0,0,0,0,0,0,0,0,0,0,0,0,0,0,0,0,0,0,0,0,0,0,0,0,0,0,0,0,0,0,0,0,0,0,0,0,0,0,0,0,0,0,0,0,0,0,0,0,0,0,0,0,0,0,0,0,0,0,0,0,0,0,0,0,0,0,0,0,0,0,0,0,0,0,0,0,0,0,0,0,0,0,0,0,0,0,0,0,0,0,0,0,0,0,0,0,0,0,0,0,0,0
0,0,0,0,0,0,0,0,0,0,0,0,0,0,0,0,0,0,0,0,0,0,0,0,0,0,0,0,0,0,0,0,0,0,0,0,0,0,0,0,0,0,0,0,0,0,0,0,0,0,0,0,0,0,0,0,0,0,0,0,0,0,0,0,0,0,0,0,0,0,0,0,0,0,0,0,0,0,0,0,0,0,0,0,0,0,0,0,0,0,0,0,0,0,0,0,0,0,0,0,0,0,0,0,0,0,0,0,0,0,0,0,0,0,0,0,0,0,0,0,0,0,0,0,0,0,0,0,2,4,4,4,2,0,0,0,0,0,0,0,0,0,0,0,0,0,0,0,0,0,0,0,2,4,9,22,82,114,127,113,77,11,4,0,0,0,0,0,0,0,0,0,0,0,0,0,0,0,0,0,18,32,51,84,170,204,217,202,159,52,34,7,1,0,0,0,0,0,0,0,0,0,0,0,0,0,1,23,127,190,222,233,248,249,234,233,239,220,203,91,35,1,0,0,0,0,0,0,0,0,0,0,0,10,36,159,234,249,246,221,141,127,84,86,128,222,246,219,159,22,0,0,0,0,0,0,0,0,0,1,7,47,96,219,249,249,219,164,52,38,21,23,48,178,234,244,207,46,0,0,0,0,0,0,0,0,0,22,78,206,232,250,189,144,77,33,1,0,0,0,5,129,218,254,245,114,4,0,0,0,0,0,0,0,1,47,127,242,251,243,132,64,20,7,0,0,0,0,4,127,217,254,250,126,4,0,0,0,0,0,0,3,22,159,220,251,234,131,32,7,0,0,0,0,0,0,4,127,217,254,250,127,4,0,0,0,0,0,0,10,47,207,244,246,209,60,7,1,0,0,0,0,0,0,5,129,218,254,250,127,4,0,0,0,0,0,3,79,159,247,253,209,127,9,0,0,0,0,0,0,0,2,21,172,234,255,250,127,4,0,0,0,0,0,8,127,207,253,252,171,83,3,0,0,0,0,0,0,0,6,36,204,245,255,250,126,4,0,0,0,0,0,34,204,245,252,234,84,22,0,0,0,0,0,0,0,3,67,128,236,252,252,233,82,2,0,0,0,0,0,50,220,250,251,223,54,12,0,0,0,0,0,0,0,10,123,195,249,254,249,219,50,0,0,0,0,0,4,114,245,254,252,236,133,84,22,5,4,2,0,3,10,91,221,247,254,252,187,127,19,0,0,0,0,0,4,123,247,254,252,247,209,171,84,39,37,21,10,22,47,164,246,253,252,243,131,59,5,0,0,0,0,0,2,65,170,202,186,190,243,247,233,217,215,172,142,173,209,247,253,246,175,127,32,7,0,0,0,0,0,0,0,2,21,32,27,39,115,139,204,217,217,215,218,243,248,233,203,158,36,10,0,0,0,0,0,0,0,0,0,0,2,3,3,8,34,50,114,127,127,129,140,204,214,172,115,77,9,1,0,0,0,0,0,0,0,0,0,0,0,0,0,0,0,0,4,4,4,5,9,32,36,21,4,2,0,0,0,0,0,0,0,0,0,0,0,0,0,0,0,0,0,0,0,0,0,0,0,4,4,2,0,0,0,0,0,0,0,0,0,0,0,0,0,0,0,0,0,0,0,0,0,0,0,0,0,0,0,0,0,0,0,0,0,0,0,0,0,0,0,0,0,0,0,0,0,0,0,0,0,0,0,0,0,0,0,0,0,0,0,0,0,0,0,0,0,0,0,0,0,0,0,0,0,0,0,0,0,0,0,0,0,0,0,0,0,0,0,0,0,0,0,0,0,0
9,0,0,0,0,0,0,0,0,0,0,0,0,0,0,0,0,0,0,0,0,0,0,0,0,0,0,0,0,0,0,0,0,0,0,0,0,0,0,0,0,0,0,0,0,0,0,0,0,0,0,0,0,0,0,0,0,0,0,0,0,0,0,0,0,0,0,0,0,0,0,0,0,0,0,0,0,0,0,0,0,0,0,0,0,0,0,0,0,0,0,0,0,0,0,0,0,0,0,0,0,0,0,0,0,0,0,0,0,0,0,0,0,0,0,0,0,0,0,0,0,0,0,0,0,0,0,0,0,0,0,0,0,0,0,0,0,0,0,0,0,0,0,0,0,0,0,0,0,0,0,0,0,0,0,0,0,0,0,0,0,0,0,0,0,0,0,0,0,0,0,0,0,0,0,0,0,2,4,4,4,4,0,0,0,0,0,0,0,0,0,0,0,0,0,0,0,0,0,0,0,0,0,1,22,81,125,127,127,113,33,1,0,0,0,0,0,0,0,0,0,0,0,0,0,0,0,0,0,0,8,35,159,232,249,250,250,243,163,33,0,0,0,0,0,0,0,0,0,0,0,0,0,0,0,0,0,0,33,90,218,251,252,250,252,253,218,77,2,0,0,0,0,0,0,0,0,0,0,0,0,0,0,0,0,22,131,207,252,234,173,143,178,247,250,139,9,0,0,0,0,0,0,0,0,0,0,0,0,0,0,0,8,122,232,249,244,131,24,13,48,208,253,204,32,0,0,2,4,4,4,4,4,0,0,0,0,0,0,0,34,204,252,245,163,33,0,0,9,140,250,222,58,33,38,82,125,127,127,127,114,45,5,0,0,0,0,3,84,233,221,164,35,2,3,0,4,127,250,247,191,205,216,233,249,250,250,250,245,190,32,0,0,0,0,8,127,243,177,96,9,9,27,7,6,127,250,253,239,246,249,252,254,254,254,254,253,213,36,0,0,0,0,32,203,250,143,60,47,127,188,88,36,128,250,255,254,254,254,254,254,254,254,254,245,190,32,0,0,0,0,37,217,254,224,191,210,245,248,155,72,115,241,250,249,233,222,217,217,217,215,203,127,45,5,0,0,0,0,32,203,254,254,253,254,247,175,67,21,32,113,127,125,82,51,37,37,37,37,32,8,0,0,0,0,0,0,8,126,244,254,253,234,190,47,3,0,0,4,4,4,2,0,0,0,0,0,0,0,0,0,0,0,0,0,3,79,218,248,243,177,110,20,0,0,0,0,0,0,0,0,0,0,0,0,0,0,0,0,0,0,0,0,0,8,77,124,113,34,4,0,0,0,0,0,0,0,0,0,0,0,0,0,0,0,0,0,0,0,0,0,0,0,2,4,4,0,0,0,0,0,0,0,0,0,0,0,0,0,0,0,0,0,0,0,0,0,0,0,0,0,0,0,0,0,0,0,0,0,0,0,0,0,0,0,0,0,0,0,0,0,0,0,0,0,0,0,0,0,0,0,0,0,0,0,0,0,0,0,0,0,0,0,0,0,0,0,0,0,0,0,0,0,0,0,0,0,0,0,0,0,0,0,0,0,0,0,0,0,0,0,0,0,0,0,0,0,0,0,0,0,0,0,0,0,0,0,0,0,0,0,0,0,0,0,0,0,0,0,0,0,0,0,0,0,0,0,0,0,0,0,0,0,0,0,0,0,0,0,0,0,0,0,0,0,0,0,0,0,0,0,0,0,0,0,0,0,0,0,0,0,0,0,0,0,0,0,0,0,0,0,0,0,0,0,0,0,0,0,0,0,0,0,0,0
7,0,0,0,0,0,0,0,0,0,0,0,0,0,0,0,0,0,0,0,0,0,0,0,0,0,0,0,0,0,0,0,0,0,0,0,0,0,0,0,0,0,0,0,0,0,0,0,0,0,0,0,0,0,0,0,0,0,0,0,0,0,0,0,0,0,0,0,0,0,0,0,0,0,0,0,0,0,0,0,0,0,0,0,0,0,0,0,0,0,0,0,0,0,0,0,0,0,0,0,0,0,0,0,0,0,0,0,0,0,0,0,0,0,0,0,0,0,0,0,0,0,0,0,0,0,0,0,0,0,0,0,0,0,0,0,0,0,0,0,0,0,0,0,0,0,0,0,0,0,0,0,0,0,0,0,0,0,0,0,0,0,0,0,0,0,0,0,0,0,0,0,0,0,0,0,0,0,0,0,0,0,0,0,0,0,0,0,0,0,0,0,0,0,0,0,0,0,0,0,0,0,0,84,185,159,151,60,36,0,0,0,0,0,0,0,0,0,0,0,0,0,0,0,0,0,0,0,0,0,0,222,254,254,254,254,241,198,198,198,198,198,198,198,198,170,52,0,0,0,0,0,0,0,0,0,0,0,0,67,114,72,114,163,227,254,225,254,254,254,250,229,254,254,140,0,0,0,0,0,0,0,0,0,0,0,0,0,0,0,0,0,17,66,14,67,67,67,59,21,236,254,106,0,0,0,0,0,0,0,0,0,0,0,0,0,0,0,0,0,0,0,0,0,0,0,0,83,253,209,18,0,0,0,0,0,0,0,0,0,0,0,0,0,0,0,0,0,0,0,0,0,0,0,22,233,255,83,0,0,0,0,0,0,0,0,0,0,0,0,0,0,0,0,0,0,0,0,0,0,0,0,129,254,238,44,0,0,0,0,0,0,0,0,0,0,0,0,0,0,0,0,0,0,0,0,0,0,0,59,249,254,62,0,0,0,0,0,0,0,0,0,0,0,0,0,0,0,0,0,0,0,0,0,0,0,0,133,254,187,5,0,0,0,0,0,0,0,0,0,0,0,0,0,0,0,0,0,0,0,0,0,0,0,9,205,248,58,0,0,0,0,0,0,0,0,0,0,0,0,0,0,0,0,0,0,0,0,0,0,0,0,126,254,182,0,0,0,0,0,0,0,0,0,0,0,0,0,0,0,0,0,0,0,0,0,0,0,0,75,251,240,57,0,0,0,0,0,0,0,0,0,0,0,0,0,0,0,0,0,0,0,0,0,0,0,19,221,254,166,0,0,0,0,0,0,0,0,0,0,0,0,0,0,0,0,0,0,0,0,0,0,0,3,203,254,219,35,0,0,0,0,0,0,0,0,0,0,0,0,0,0,0,0,0,0,0,0,0,0,0,38,254,254,77,0,0,0,0,0,0,0,0,0,0,0,0,0,0,0,0,0,0,0,0,0,0,0,31,224,254,115,1,0,0,0,0,0,0,0,0,0,0,0,0,0,0,0,0,0,0,0,0,0,0,0,133,254,254,52,0,0,0,0,0,0,0,0,0,0,0,0,0,0,0,0,0,0,0,0,0,0,0,61,242,254,254,52,0,0,0,0,0,0,0,0,0,0,0,0,0,0,0,0,0,0,0,0,0,0,0,121,254,254,219,40,0,0,0,0,0,0,0,0,0,0,0,0,0,0,0,0,0,0,0,0,0,0,0,121,254,207,18,0,0,0,0,0,0,0,0,0,0,0,0,0,0,0,0,0,0,0,0,0,0,0,0,0,0,0,0,0,0,0,0,0,0,0,0,0,0,0,0,0,0
2,0,0,0,0,0,0,0,0,0,0,0,0,0,0,0,0,0,0,0,0,0,0,0,0,0,0,0,0,0,0,0,0,0,0,0,0,0,0,0,0,0,0,0,0,0,0,0,0,0,0,0,0,0,0,0,0,0,0,0,0,0,0,0,0,0,0,0,0,0,0,0,0,0,0,0,0,0,0,0,0,0,0,0,0,0,0,0,0,0,0,0,0,0,0,116,125,171,255,255,150,93,0,0,0,0,0,0,0,0,0,0,0,0,0,0,0,0,0,0,0,0,169,253,253,253,253,253,253,218,30,0,0,0,0,0,0,0,0,0,0,0,0,0,0,0,0,0,0,169,253,253,253,213,142,176,253,253,122,0,0,0,0,0,0,0,0,0,0,0,0,0,0,0,0,0,52,250,253,210,32,12,0,6,206,253,140,0,0,0,0,0,0,0,0,0,0,0,0,0,0,0,0,0,77,251,210,25,0,0,0,122,248,253,65,0,0,0,0,0,0,0,0,0,0,0,0,0,0,0,0,0,0,31,18,0,0,0,0,209,253,253,65,0,0,0,0,0,0,0,0,0,0,0,0,0,0,0,0,0,0,0,0,0,0,0,117,247,253,198,10,0,0,0,0,0,0,0,0,0,0,0,0,0,0,0,0,0,0,0,0,0,0,76,247,253,231,63,0,0,0,0,0,0,0,0,0,0,0,0,0,0,0,0,0,0,0,0,0,0,0,128,253,253,144,0,0,0,0,0,0,0,0,0,0,0,0,0,0,0,0,0,0,0,0,0,0,0,176,246,253,159,12,0,0,0,0,0,0,0,0,0,0,0,0,0,0,0,0,0,0,0,0,0,0,25,234,253,233,35,0,0,0,0,0,0,0,0,0,0,0,0,0,0,0,0,0,0,0,0,0,0,0,198,253,253,141,0,0,0,0,0,0,0,0,0,0,0,0,0,0,0,0,0,0,0,0,0,0,0,78,248,253,189,12,0,0,0,0,0,0,0,0,0,0,0,0,0,0,0,0,0,0,0,0,0,0,19,200,253,253,141,0,0,0,0,0,0,0,0,0,0,0,0,0,0,0,0,0,0,0,0,0,0,0,134,253,253,173,12,0,0,0,0,0,0,0,0,0,0,0,0,0,0,0,0,0,0,0,0,0,0,0,248,253,253,25,0,0,0,0,0,0,0,0,0,0,0,0,0,0,0,0,0,0,0,0,0,0,0,0,248,253,253,43,20,20,20,20,5,0,5,20,20,37,150,150,150,147,10,0,0,0,0,0,0,0,0,0,248,253,253,253,253,253,253,253,168,143,166,253,253,253,253,253,253,253,123,0,0,0,0,0,0,0,0,0,174,253,253,253,253,253,253,253,253,253,253,253,249,247,247,169,117,117,57,0,0,0,0,0,0,0,0,0,0,118,123,123,123,166,253,253,253,155,123,123,41,0,0,0,0,0,0,0,0,0,0,0,0,0,0,0,0,0,0,0,0,0,0,0,0,0,0,0,0,0,0,0,0,0,0,0,0,0,0,0,0,0,0,0,0,0,0,0,0,0,0,0,0,0,0,0,0,0,0,0,0,0,0,0,0,0,0,0,0,0,0,0,0,0,0,0,0,0,0,0,0,0,0,0,0,0,0,0,0,0,0,0,0,0,0,0,0,0,0,0,0,0,0,0,0,0,0,0,0,0,0,0,0,0,0,0,0,0,0,0,0,0,0,0,0,0,0,0,0,0,0,0,0,0,0,0,0,0,0,0,0,0,0,0,0,0,0,0
1,0,0,0,0,0,0,0,0,0,0,0,0,0,0,0,0,0,0,0,0,0,0,0,0,0,0,0,0,0,0,0,0,0,0,0,0,0,0,0,0,0,0,0,0,0,0,0,0,0,0,0,0,0,0,0,0,0,0,0,0,0,0,0,0,0,0,0,0,0,0,0,0,0,0,0,0,0,0,0,0,0,0,0,0,0,0,0,0,0,0,0,0,0,0,0,0,0,0,0,0,0,0,0,0,0,0,0,0,0,0,0,0,0,0,0,0,0,0,0,0,0,0,0,0,0,0,0,0,38,254,109,0,0,0,0,0,0,0,0,0,0,0,0,0,0,0,0,0,0,0,0,0,0,0,0,0,87,252,82,0,0,0,0,0,0,0,0,0,0,0,0,0,0,0,0,0,0,0,0,0,0,0,0,0,135,241,0,0,0,0,0,0,0,0,0,0,0,0,0,0,0,0,0,0,0,0,0,0,0,0,0,45,244,150,0,0,0,0,0,0,0,0,0,0,0,0,0,0,0,0,0,0,0,0,0,0,0,0,0,84,254,63,0,0,0,0,0,0,0,0,0,0,0,0,0,0,0,0,0,0,0,0,0,0,0,0,0,202,223,11,0,0,0,0,0,0,0,0,0,0,0,0,0,0,0,0,0,0,0,0,0,0,0,0,32,254,216,0,0,0,0,0,0,0,0,0,0,0,0,0,0,0,0,0,0,0,0,0,0,0,0,0,95,254,195,0,0,0,0,0,0,0,0,0,0,0,0,0,0,0,0,0,0,0,0,0,0,0,0,0,140,254,77,0,0,0,0,0,0,0,0,0,0,0,0,0,0,0,0,0,0,0,0,0,0,0,0,57,237,205,8,0,0,0,0,0,0,0,0,0,0,0,0,0,0,0,0,0,0,0,0,0,0,0,0,124,255,165,0,0,0,0,0,0,0,0,0,0,0,0,0,0,0,0,0,0,0,0,0,0,0,0,0,171,254,81,0,0,0,0,0,0,0,0,0,0,0,0,0,0,0,0,0,0,0,0,0,0,0,0,24,232,215,0,0,0,0,0,0,0,0,0,0,0,0,0,0,0,0,0,0,0,0,0,0,0,0,0,120,254,159,0,0,0,0,0,0,0,0,0,0,0,0,0,0,0,0,0,0,0,0,0,0,0,0,0,151,254,142,0,0,0,0,0,0,0,0,0,0,0,0,0,0,0,0,0,0,0,0,0,0,0,0,0,228,254,66,0,0,0,0,0,0,0,0,0,0,0,0,0,0,0,0,0,0,0,0,0,0,0,0,61,251,254,66,0,0,0,0,0,0,0,0,0,0,0,0,0,0,0,0,0,0,0,0,0,0,0,0,141,254,205,3,0,0,0,0,0,0,0,0,0,0,0,0,0,0,0,0,0,0,0,0,0,0,0,10,215,254,121,0,0,0,0,0,0,0,0,0,0,0,0,0,0,0,0,0,0,0,0,0,0,0,0,5,198,176,10,0,0,0,0,0,0,0,0,0,0,0,0,0,0,0,0,0,0,0,0,0,0,0,0,0,0,0,0,0,0,0,0,0,0,0,0,0,0,0,0,0,0,0,0,0,0,0,0,0,0,0,0,0,0,0,0,0,0,0,0,0,0,0,0,0,0,0,0,0,0,0,0,0,0,0,0,0,0,0,0,0,0,0,0,0,0,0,0,0,0,0,0,0,0,0,0,0,0,0,0,0,0,0,0,0,0,0,0,0,0,0,0,0,0,0,0,0,0,0,0,0,0,0,0,0,0
0,0,0,0,0,0,0,0,0,0,0,0,0,0,0,0,0,0,0,0,0,0,0,0,0,0,0,0,0,0,0,0,0,0,0,0,0,0,0,0,0,0,0,0,0,0,0,0,0,0,0,0,0,0,0,0,0,0,0,0,0,0,0,0,0,0,0,0,0,0,0,0,0,0,0,0,0,0,0,0,0,0,0,0,0,0,0,0,0,0,0,0,0,0,0,0,0,0,0,0,0,0,0,0,0,0,0,0,0,0,0,0,0,0,0,0,0,0,0,0,0,0,0,0,0,11,150,253,202,31,0,0,0,0,0,0,0,0,0,0,0,0,0,0,0,0,0,0,0,0,0,0,0,37,251,251,253,107,0,0,0,0,0,0,0,0,0,0,0,0,0,0,0,0,0,0,0,0,0,0,21,197,251,251,253,107,0,0,0,0,0,0,0,0,0,0,0,0,0,0,0,0,0,0,0,0,0,110,190,251,251,251,253,169,109,62,0,0,0,0,0,0,0,0,0,0,0,0,0,0,0,0,0,0,0,253,251,251,251,251,253,251,251,220,51,0,0,0,0,0,0,0,0,0,0,0,0,0,0,0,0,0,182,255,253,253,253,253,234,222,253,253,253,0,0,0,0,0,0,0,0,0,0,0,0,0,0,0,0,63,221,253,251,251,251,147,77,62,128,251,251,105,0,0,0,0,0,0,0,0,0,0,0,0,0,0,32,231,251,253,251,220,137,10,0,0,31,230,251,243,113,5,0,0,0,0,0,0,0,0,0,0,0,0,37,251,251,253,188,20,0,0,0,0,0,109,251,253,251,35,0,0,0,0,0,0,0,0,0,0,0,0,37,251,251,201,30,0,0,0,0,0,0,31,200,253,251,35,0,0,0,0,0,0,0,0,0,0,0,0,37,253,253,0,0,0,0,0,0,0,0,32,202,255,253,164,0,0,0,0,0,0,0,0,0,0,0,0,140,251,251,0,0,0,0,0,0,0,0,109,251,253,251,35,0,0,0,0,0,0,0,0,0,0,0,0,217,251,251,0,0,0,0,0,0,21,63,231,251,253,230,30,0,0,0,0,0,0,0,0,0,0,0,0,217,251,251,0,0,0,0,0,0,144,251,251,251,221,61,0,0,0,0,0,0,0,0,0,0,0,0,0,217,251,251,0,0,0,0,0,182,221,251,251,251,180,0,0,0,0,0,0,0,0,0,0,0,0,0,0,218,253,253,73,73,228,253,253,255,253,253,253,253,0,0,0,0,0,0,0,0,0,0,0,0,0,0,0,113,251,251,253,251,251,251,251,253,251,251,251,147,0,0,0,0,0,0,0,0,0,0,0,0,0,0,0,31,230,251,253,251,251,251,251,253,230,189,35,10,0,0,0,0,0,0,0,0,0,0,0,0,0,0,0,0,62,142,253,251,251,251,251,253,107,0,0,0,0,0,0,0,0,0,0,0,0,0,0,0,0,0,0,0,0,0,72,174,251,173,71,72,30,0,0,0,0,0,0,0,0,0,0,0,0,0,0,0,0,0,0,0,0,0,0,0,0,0,0,0,0,0,0,0,0,0,0,0,0,0,0,0,0,0,0,0,0,0,0,0,0,0,0,0,0,0,0,0,0,0,0,0,0,0,0,0,0,0,0,0,0,0,0,0,0,0,0,0,0,0,0,0,0,0,0,0,0,0,0,0,0,0,0,0,0,0,0,0,0,0,0,0,0,0,0,0,0,0,0,0,0,0,0,0,0,0,0,0,0,0,0,0,0,0,0,0
4,0,0,0,0,0,0,0,0,0,0,0,0,0,0,0,0,0,0,0,0,0,0,0,0,0,0,0,0,0,0,0,0,0,0,0,0,0,0,0,0,0,0,0,0,0,0,0,0,0,0,0,0,0,0,0,0,0,0,0,0,0,0,0,0,0,0,0,0,0,0,0,0,0,0,0,0,0,0,0,0,0,0,0,0,0,0,0,0,0,0,0,0,0,0,0,0,0,0,0,0,0,0,0,0,0,0,0,0,0,0,0,0,0,0,0,0,0,0,0,0,0,0,0,0,0,0,0,0,0,0,0,0,0,0,0,0,0,0,0,0,0,0,0,0,0,0,0,0,0,0,50,224,0,0,0,0,0,0,0,70,29,0,0,0,0,0,0,0,0,0,0,0,0,0,0,0,0,0,121,231,0,0,0,0,0,0,0,148,168,0,0,0,0,0,0,0,0,0,0,0,0,0,0,0,0,4,195,231,0,0,0,0,0,0,0,96,210,11,0,0,0,0,0,0,0,0,0,0,0,0,0,0,0,69,252,134,0,0,0,0,0,0,0,114,252,21,0,0,0,0,0,0,0,0,0,0,0,0,0,0,45,236,217,12,0,0,0,0,0,0,0,192,252,21,0,0,0,0,0,0,0,0,0,0,0,0,0,0,168,247,53,0,0,0,0,0,0,0,18,255,253,21,0,0,0,0,0,0,0,0,0,0,0,0,0,84,242,211,0,0,0,0,0,0,0,0,141,253,189,5,0,0,0,0,0,0,0,0,0,0,0,0,0,169,252,106,0,0,0,0,0,0,0,32,232,250,66,0,0,0,0,0,0,0,0,0,0,0,0,0,15,225,252,0,0,0,0,0,0,0,0,134,252,211,0,0,0,0,0,0,0,0,0,0,0,0,0,0,22,252,164,0,0,0,0,0,0,0,0,169,252,167,0,0,0,0,0,0,0,0,0,0,0,0,0,0,9,204,209,18,0,0,0,0,0,0,22,253,253,107,0,0,0,0,0,0,0,0,0,0,0,0,0,0,0,169,252,199,85,85,85,85,129,164,195,252,252,106,0,0,0,0,0,0,0,0,0,0,0,0,0,0,0,41,170,245,252,252,252,252,232,231,251,252,252,9,0,0,0,0,0,0,0,0,0,0,0,0,0,0,0,0,0,49,84,84,84,84,0,0,161,252,252,0,0,0,0,0,0,0,0,0,0,0,0,0,0,0,0,0,0,0,0,0,0,0,0,0,127,252,252,45,0,0,0,0,0,0,0,0,0,0,0,0,0,0,0,0,0,0,0,0,0,0,0,0,128,253,253,0,0,0,0,0,0,0,0,0,0,0,0,0,0,0,0,0,0,0,0,0,0,0,0,0,127,252,252,0,0,0,0,0,0,0,0,0,0,0,0,0,0,0,0,0,0,0,0,0,0,0,0,0,135,252,244,0,0,0,0,0,0,0,0,0,0,0,0,0,0,0,0,0,0,0,0,0,0,0,0,0,232,236,111,0,0,0,0,0,0,0,0,0,0,0,0,0,0,0,0,0,0,0,0,0,0,0,0,0,179,66,0,0,0,0,0,0,0,0,0,0,0,0,0,0,0,0,0,0,0,0,0,0,0,0,0,0,0,0,0,0,0,0,0,0,0,0,0,0,0,0,0,0,0,0,0,0,0,0,0,0,0,0,0,0,0,0,0,0,0,0,0,0,0,0,0,0,0,0,0,0,0,0,0,0,0,0,0,0,0,0,0,0,0,0,0,0,0,0,0,0,0,0,0,0
1,0,0,0,0,0,0,0,0,0,0,0,0,0,0,0,0,0,0,0,0,0,0,0,0,0,0,0,0,0,0,0,0,0,0,0,0,0,0,0,0,0,0,0,0,0,0,0,0,0,0,0,0,0,0,0,0,0,0,0,0,0,0,0,0,0,0,0,0,0,0,0,0,0,0,0,0,0,0,0,0,0,0,0,0,0,0,0,0,0,0,0,0,0,0,0,0,0,0,0,0,0,0,0,0,0,0,0,0,0,0,0,0,0,0,0,0,0,0,0,0,0,0,0,0,0,0,0,0,0,0,0,0,0,0,0,0,0,0,0,0,0,0,0,0,0,0,0,0,0,0,0,0,0,0,0,0,77,254,107,3,0,0,0,0,0,0,0,0,0,0,0,0,0,0,0,0,0,0,0,0,0,0,0,19,227,254,254,9,0,0,0,0,0,0,0,0,0,0,0,0,0,0,0,0,0,0,0,0,0,0,0,81,254,254,165,1,0,0,0,0,0,0,0,0,0,0,0,0,0,0,0,0,0,0,0,0,0,0,7,203,254,254,73,0,0,0,0,0,0,0,0,0,0,0,0,0,0,0,0,0,0,0,0,0,0,0,53,254,254,250,0,0,0,0,0,0,0,0,0,0,0,0,0,0,0,0,0,0,0,0,0,0,0,0,134,254,254,180,0,0,0,0,0,0,0,0,0,0,0,0,0,0,0,0,0,0,0,0,0,0,0,0,196,254,248,48,0,0,0,0,0,0,0,0,0,0,0,0,0,0,0,0,0,0,0,0,0,0,0,58,254,254,237,0,0,0,0,0,0,0,0,0,0,0,0,0,0,0,0,0,0,0,0,0,0,0,0,111,254,254,132,0,0,0,0,0,0,0,0,0,0,0,0,0,0,0,0,0,0,0,0,0,0,0,0,163,254,238,28,0,0,0,0,0,0,0,0,0,0,0,0,0,0,0,0,0,0,0,0,0,0,0,60,252,254,223,0,0,0,0,0,0,0,0,0,0,0,0,0,0,0,0,0,0,0,0,0,0,0,0,79,254,254,154,0,0,0,0,0,0,0,0,0,0,0,0,0,0,0,0,0,0,0,0,0,0,0,0,163,254,238,53,0,0,0,0,0,0,0,0,0,0,0,0,0,0,0,0,0,0,0,0,0,0,0,28,252,254,210,0,0,0,0,0,0,0,0,0,0,0,0,0,0,0,0,0,0,0,0,0,0,0,0,86,254,254,131,0,0,0,0,0,0,0,0,0,0,0,0,0,0,0,0,0,0,0,0,0,0,0,0,105,254,234,20,0,0,0,0,0,0,0,0,0,0,0,0,0,0,0,0,0,0,0,0,0,0,0,0,175,254,204,5,0,0,0,0,0,0,0,0,0,0,0,0,0,0,0,0,0,0,0,0,0,0,0,5,211,254,196,0,0,0,0,0,0,0,0,0,0,0,0,0,0,0,0,0,0,0,0,0,0,0,0,3,158,254,160,0,0,0,0,0,0,0,0,0,0,0,0,0,0,0,0,0,0,0,0,0,0,0,0,0,26,157,107,0,0,0,0,0,0,0,0,0,0,0,0,0,0,0,0,0,0,0,0,0,0,0,0,0,0,0,0,0,0,0,0,0,0,0,0,0,0,0,0,0,0,0,0,0,0,0,0,0,0,0,0,0,0,0,0,0,0,0,0,0,0,0,0,0,0,0,0,0,0,0,0,0,0,0,0,0,0,0,0,0,0,0,0,0,0,0,0,0,0,0,0,0,0,0,0,0,0
4,0,0,0,0,0,0,0,0,0,0,0,0,0,0,0,0,0,0,0,0,0,0,0,0,0,0,0,0,0,0,0,0,0,0,0,0,0,0,0,0,0,0,0,0,0,0,0,0,0,0,0,0,0,0,0,0,0,0,0,0,0,0,0,0,0,0,0,0,0,0,0,0,0,0,0,0,0,0,0,0,0,0,0,0,0,0,0,0,0,0,0,0,0,0,0,0,0,0,0,0,0,0,0,0,0,0,0,0,0,0,0,0,0,0,0,0,0,0,0,0,0,0,0,0,0,0,0,0,0,0,0,0,0,0,0,0,0,0,0,0,0,0,0,0,0,0,0,0,0,22,192,134,32,0,0,0,0,0,0,0,0,15,77,5,0,0,0,0,0,0,0,0,0,0,0,0,17,235,250,169,0,0,0,0,0,0,0,0,15,220,241,37,0,0,0,0,0,0,0,0,0,0,0,20,189,253,147,0,0,0,0,0,0,0,0,0,139,253,100,0,0,0,0,0,0,0,0,0,0,0,0,70,253,253,21,0,0,0,0,0,0,0,0,43,254,173,13,0,0,0,0,0,0,0,0,0,0,0,22,153,253,96,0,0,0,0,0,0,0,0,43,231,254,92,0,0,0,0,0,0,0,0,0,0,0,0,163,255,204,11,0,0,0,0,0,0,0,0,104,254,158,0,0,0,0,0,0,0,0,0,0,0,0,0,162,253,178,5,0,0,0,0,0,0,9,131,237,253,0,0,0,0,0,0,0,0,0,0,0,0,0,0,162,253,253,191,175,70,70,70,70,133,197,253,253,169,0,0,0,0,0,0,0,0,0,0,0,0,0,0,51,228,253,253,254,253,253,253,253,254,253,253,219,35,0,0,0,0,0,0,0,0,0,0,0,0,0,0,0,17,65,137,254,232,137,137,137,44,253,253,161,0,0,0,0,0,0,0,0,0,0,0,0,0,0,0,0,0,0,0,0,0,0,0,0,34,254,206,21,0,0,0,0,0,0,0,0,0,0,0,0,0,0,0,0,0,0,0,0,0,0,0,0,160,253,69,0,0,0,0,0,0,0,0,0,0,0,0,0,0,0,0,0,0,0,0,0,0,0,0,85,254,241,50,0,0,0,0,0,0,0,0,0,0,0,0,0,0,0,0,0,0,0,0,0,0,0,0,158,254,165,0,0,0,0,0,0,0,0,0,0,0,0,0,0,0,0,0,0,0,0,0,0,0,0,0,231,244,50,0,0,0,0,0,0,0,0,0,0,0,0,0,0,0,0,0,0,0,0,0,0,0,0,104,254,232,0,0,0,0,0,0,0,0,0,0,0,0,0,0,0,0,0,0,0,0,0,0,0,0,0,208,253,157,0,13,30,0,0,0,0,0,0,0,0,0,0,0,0,0,0,0,0,0,0,0,0,0,0,208,253,154,91,204,161,0,0,0,0,0,0,0,0,0,0,0,0,0,0,0,0,0,0,0,0,0,0,208,253,254,253,154,29,0,0,0,0,0,0,0,0,0,0,0,0,0,0,0,0,0,0,0,0,0,0,61,190,128,23,6,0,0,0,0,0,0,0,0,0,0,0,0,0,0,0,0,0,0,0,0,0,0,0,0,0,0,0,0,0,0,0,0,0,0,0,0,0,0,0,0,0,0,0,0,0,0,0,0,0,0,0,0,0,0,0,0,0,0,0,0,0,0,0,0,0,0,0,0,0,0,0,0,0,0,0,0,0,0,0,0,0,0,0,0,0,0,0,0,0,0,0,0,0,0
9,0,0,0,0,0,0,0,0,0,0,0,0,0,0,0,0,0,0,0,0,0,0,0,0,0,0,0,0,0,0,0,0,0,0,0,0,0,0,0,0,0,0,0,0,0,0,0,0,0,0,0,0,0,0,0,0,0,0,0,0,0,0,0,0,0,0,0,0,0,0,0,0,0,0,0,0,0,0,0,0,0,0,0,0,0,0,0,0,0,0,0,0,0,0,0,0,0,0,0,0,0,0,0,0,0,0,0,0,0,0,0,0,0,0,0,0,0,0,0,0,0,0,0,0,0,0,0,0,0,0,0,0,0,0,0,0,0,0,0,0,0,0,0,0,0,0,0,0,0,0,0,0,0,0,0,0,0,0,0,0,0,0,0,0,0,0,0,0,0,0,0,0,0,0,0,0,0,0,0,14,149,193,5,0,0,0,0,0,0,0,0,0,0,0,0,0,0,0,0,0,0,0,0,0,0,0,91,224,253,253,19,0,0,0,0,0,0,0,0,0,0,0,0,0,0,0,0,0,0,0,0,0,0,28,235,254,253,253,166,18,0,0,0,0,0,0,0,0,0,0,0,0,0,0,0,0,0,0,0,0,0,144,253,254,253,253,253,238,115,6,0,0,0,0,0,0,0,0,0,0,0,0,0,0,0,0,0,0,31,241,253,208,185,253,253,253,231,24,0,0,0,0,0,0,0,0,0,0,0,0,0,0,0,0,0,0,79,254,193,0,8,98,219,254,255,201,18,0,0,0,0,0,0,0,0,0,0,0,0,0,0,0,0,0,86,253,80,0,0,0,182,253,254,191,12,0,0,0,0,0,0,0,0,0,0,0,0,0,0,0,0,0,175,253,155,0,0,0,234,253,254,135,0,0,0,0,0,0,0,0,0,0,0,0,0,0,0,0,0,0,86,253,208,40,85,166,251,237,254,236,42,0,0,0,0,0,0,0,0,0,0,0,0,0,0,0,0,0,18,238,253,254,253,253,185,36,216,253,152,0,0,0,0,0,0,0,0,0,0,0,0,0,0,0,0,0,0,68,240,255,254,145,8,0,134,254,223,35,0,0,0,0,0,0,0,0,0,0,0,0,0,0,0,0,0,0,68,158,142,12,0,0,9,175,253,161,0,0,0,0,0,0,0,0,0,0,0,0,0,0,0,0,0,0,0,0,0,0,0,0,0,88,253,226,18,0,0,0,0,0,0,0,0,0,0,0,0,0,0,0,0,0,0,0,0,0,0,0,0,2,166,253,126,0,0,0,0,0,0,0,0,0,0,0,0,0,0,0,0,0,0,0,0,0,0,0,0,0,48,245,253,38,0,0,0,0,0,0,0,0,0,0,0,0,0,0,0,0,0,0,0,0,0,0,0,0,0,115,254,172,9,0,0,0,0,0,0,0,0,0,0,0,0,0,0,0,0,0,0,0,0,0,0,0,0,21,218,254,46,0,0,0,0,0,0,0,0,0,0,0,0,0,0,0,0,0,0,0,0,0,0,0,0,0,30,254,165,0,0,0,0,0,0,0,0,0,0,0,0,0,0,0,0,0,0,0,0,0,0,0,0,0,0,186,244,42,0,0,0,0,0,0,0,0,0,0,0,0,0,0,0,0,0,0,0,0,0,0,0,0,0,14,223,78,0,0,0,0,0,0,0,0,0,0,0,0,0,0,0,0,0,0,0,0,0,0,0,0,0,0,0,0,0,0,0,0,0,0,0,0,0,0,0,0,0,0,0,0,0,0,0,0,0,0,0,0,0,0,0,0,0,0,0,0
5,0,0,0,0,0,0,0,0,0,0,0,0,0,0,0,0,0,0,0,0,0,0,0,0,0,0,0,0,0,0,0,0,0,0,0,0,0,0,0,0,0,0,0,0,0,0,0,0,0,0,0,0,0,0,0,0,0,0,0,0,0,0,0,0,0,0,0,0,0,0,0,0,0,0,0,0,0,0,0,0,0,0,0,0,0,0,0,0,0,0,0,0,0,0,0,0,0,0,0,0,0,0,0,0,0,0,0,0,0,0,0,0,0,0,0,0,0,0,0,0,0,0,0,0,0,0,0,0,0,17,47,47,47,16,129,85,47,0,0,0,0,0,0,0,0,0,0,0,0,0,0,0,0,0,0,75,153,217,253,253,253,215,246,253,253,0,0,0,0,0,0,0,0,0,0,0,0,0,0,0,35,142,244,252,253,253,253,253,253,253,253,253,253,0,0,0,0,0,0,0,0,0,0,0,0,0,0,0,63,253,253,253,253,253,253,253,213,170,170,170,170,0,0,0,0,0,0,0,0,0,0,0,20,132,72,0,57,238,227,238,168,124,69,20,11,0,0,0,0,0,0,0,0,0,0,0,0,0,0,11,206,253,78,0,0,32,0,30,2,0,0,0,0,0,0,0,0,0,0,0,0,0,0,0,0,0,6,177,253,132,10,0,0,0,0,0,0,0,0,0,0,0,0,0,0,0,0,0,0,0,0,0,0,12,133,253,233,15,0,0,0,0,0,0,0,0,0,0,0,0,0,0,0,0,0,0,0,0,0,0,0,92,253,223,28,0,0,0,0,0,0,0,0,0,0,0,0,0,0,0,0,0,0,0,0,0,0,0,0,150,253,174,0,0,0,0,0,0,0,0,0,0,0,0,0,0,0,0,0,0,0,0,0,0,0,0,0,234,253,246,127,49,0,0,0,0,0,0,0,0,0,0,0,0,0,0,0,0,0,0,0,0,0,0,0,255,253,253,253,251,147,91,121,85,42,42,85,28,0,0,0,0,0,0,0,0,0,0,0,0,0,0,0,139,253,253,253,253,253,253,253,253,253,253,253,232,168,0,0,0,0,0,0,0,0,0,0,0,0,0,0,3,53,218,222,251,253,253,253,253,253,253,253,253,252,124,0,0,0,0,0,0,0,0,0,0,0,0,0,0,0,0,0,67,72,200,253,253,253,253,253,253,253,175,0,0,0,0,0,0,0,0,0,0,0,0,0,0,0,0,0,0,0,120,253,249,152,51,164,253,253,175,0,0,0,0,0,0,0,0,0,0,0,0,0,0,0,0,0,0,0,50,253,253,253,188,252,253,253,148,0,0,0,0,0,0,0,0,0,0,0,0,0,0,0,0,0,0,0,9,167,253,253,253,253,250,175,11,0,0,0,0,0,0,0,0,0,0,0,0,0,0,0,0,0,0,0,0,23,180,231,253,221,128,0,0,0,0,0,0,0,0,0,0,0,0,0,0,0,0,0,0,0,0,0,0,0,0,93,149,22,0,0,0,0,0,0,0,0,0,0,0,0,0,0,0,0,0,0,0,0,0,0,0,0,0,0,0,0,0,0,0,0,0,0,0,0,0,0,0,0,0,0,0,0,0,0,0,0,0,0,0,0,0,0,0,0,0,0,0,0,0,0,0,0,0,0,0,0,0,0,0,0,0,0,0,0,0,0,0,0,0,0,0,0,0,0,0,0,0,0,0,0,0,0,0,0,0,0,0,0,0,0,0,0,0,0,0,0,0,0,0,0,0,0,0,0,0,0,0,0,0,0,0
9,0,0,0,0,0,0,0,0,0,0,0,0,0,0,0,0,0,0,0,0,0,0,0,0,0,0,0,0,0,0,0,0,0,0,0,0,0,0,0,0,0,0,0,0,0,0,0,0,0,0,0,0,0,0,0,0,0,0,0,0,0,0,0,0,0,0,0,0,0,0,0,0,0,0,0,0,0,0,0,0,0,0,0,0,0,0,0,0,0,0,0,0,0,0,0,0,0,0,0,0,0,0,0,0,0,0,0,0,0,0,0,0,0,0,0,0,0,0,0,0,0,0,0,0,0,0,0,0,0,0,0,0,0,0,0,0,0,0,0,0,0,0,0,0,0,0,0,0,0,0,0,0,0,0,0,0,0,0,0,0,0,0,0,0,0,0,0,0,0,0,0,0,0,0,0,0,0,0,0,0,0,0,0,0,0,0,0,0,0,0,0,0,0,0,0,0,0,0,0,0,0,0,0,0,0,0,0,0,0,36,56,137,201,199,95,37,0,0,0,0,0,0,0,0,0,0,0,0,0,0,0,0,0,0,0,45,152,234,254,254,254,254,254,250,211,151,6,0,0,0,0,0,0,0,0,0,0,0,0,0,0,46,153,240,254,254,227,166,133,251,200,254,229,225,104,0,0,0,0,0,0,0,0,0,0,0,0,0,153,234,254,254,187,142,8,0,0,191,40,198,246,223,253,21,0,0,0,0,0,0,0,0,0,0,8,126,253,254,233,128,11,0,0,0,0,210,43,70,254,254,254,21,0,0,0,0,0,0,0,0,0,0,72,243,254,228,54,0,0,0,0,3,32,116,225,242,254,255,162,5,0,0,0,0,0,0,0,0,0,0,75,240,254,223,109,138,178,178,169,210,251,231,254,254,254,232,38,0,0,0,0,0,0,0,0,0,0,0,9,175,244,253,255,254,254,251,254,254,254,254,254,252,171,25,0,0,0,0,0,0,0,0,0,0,0,0,0,0,16,136,195,176,146,153,200,254,254,254,254,150,16,0,0,0,0,0,0,0,0,0,0,0,0,0,0,0,0,0,0,0,0,0,162,254,254,241,99,3,0,0,0,0,0,0,0,0,0,0,0,0,0,0,0,0,0,0,0,0,0,118,250,254,254,90,0,0,0,0,0,0,0,0,0,0,0,0,0,0,0,0,0,0,0,0,0,0,100,242,254,254,211,7,0,0,0,0,0,0,0,0,0,0,0,0,0,0,0,0,0,0,0,0,0,54,241,254,254,242,59,0,0,0,0,0,0,0,0,0,0,0,0,0,0,0,0,0,0,0,0,0,0,131,254,254,244,64,0,0,0,0,0,0,0,0,0,0,0,0,0,0,0,0,0,0,0,0,0,0,13,249,254,254,152,0,0,0,0,0,0,0,0,0,0,0,0,0,0,0,0,0,0,0,0,0,0,12,228,254,254,208,8,0,0,0,0,0,0,0,0,0,0,0,0,0,0,0,0,0,0,0,0,0,0,78,255,254,254,66,0,0,0,0,0,0,0,0,0,0,0,0,0,0,0,0,0,0,0,0,0,0,0,209,254,254,137,0,0,0,0,0,0,0,0,0,0,0,0,0,0,0,0,0,0,0,0,0,0,0,0,227,255,233,25,0,0,0,0,0,0,0,0,0,0,0,0,0,0,0,0,0,0,0,0,0,0,0,0,113,255,108,0,0,0,0,0,0,0,0,0,0,0,0,0,0,0,0,0,0,0,0,0,0,0,0,0,0,0,0,0,0,0,0,0,0,0,0,0,0,0,0,0,0,0,0
